{
"lengthUnit": "mil",
"components": {
	"fields": ["COMPONENT_NO", "COMPONENT_NAME", "LAYER", "X_COORDINATE", "Y_COORDINATE", "ANGLE"],
	"rows": [
		[1, "BUZZER1", "T", 5252, 1880, 0],
		[2, "C1", "T", 1544, 3242, 270],
		[3, "C2", "T", 1545, 3047, 90],
		[4, "C3", "T", 1844, 2458, 180],
		[5, "C4", "T", 3660, 2470, 180],
		[6, "C7", "T", 3319, 1945, 90],
		[7, "C8", "T", 5762, 3226, 0],
		[8, "C9", "T", 4976, 1808, 270],
		[9, "C11", "T", 4300, 3000, 270],
		[10, "C12", "T", 4568, 3000, 270],
		[11, "C13", "T", 5962, 2756, 90],
		[12, "C14", "T", 1176, 2154, 180],
		[13, "C16", "T", 5392, 2754, 270],
		[14, "C17", "T", 5100, 3232, 270],
		[15, "C20", "B", 1672, 1474, 90],
		[16, "CARD1", "B", 1358, 1540, 90],
		[17, "CGQ1", "T", 5524, 3176, 0],
		[18, "CN1", "T", 1960, 522, 180],
		[19, "CN2", "T", 3082, 522, 180],
		[20, "CN3", "T", 4200, 522, 180],
		[21, "CN4", "T", 5322, 522, 180],
		[22, "CN5", "T", 6102, 1304, 270],
		[23, "CN6", "T", 2637.07, 3215.47, 0],
		[24, "CN7", "T", 3410, 3216, 0],
		[25, "CN8", "T", 3884, 3216, 0],
		[26, "D1", "T", 1814, 2708, 0],
		[27, "D2", "T", 5540, 1840, 0],
		[28, "D3", "T", 1176, 896, 180],
		[29, "D4", "T", 1176, 796, 180],
		[30, "D8", "B", 2908, 2578, 90],
		[31, "D9", "B", 3122, 2578, 90],
		[32, "D10", "B", 3340, 2578, 90],
		[33, "D11", "B", 1844, 3218, 90],
		[34, "D12", "B", 1694, 3214, 90],
		[35, "D13", "B", 1544, 3214, 90],
		[36, "L1", "T", 3116, 2584, 180],
		[37, "LED1", "T", 1082, 2850, 0],
		[38, "LED2", "T", 4363, 3229, 0],
		[39, "LED3", "T", 4254.46, 2625.19, 180],
		[40, "LED4", "T", 4259.46, 2367.19, 180],
		[41, "P1", "T", 1395, 2393, 0],
		[42, "Q1", "T", 5540, 2014, 270],
		[43, "R1", "T", 1362, 2848, 0],
		[44, "R2", "T", 5252, 2374, 0],
		[45, "R3", "T", 5252, 1078, 0],
		[46, "R4", "T", 5762, 3102, 180],
		[47, "R8", "T", 5422, 2374, 270],
		[48, "R9", "T", 4476, 2626, 180],
		[49, "R10", "T", 4475.43, 2364.34, 180],
		[50, "R11", "T", 4968, 2018, 0],
		[51, "R12", "T", 4514, 3228, 90],
		[52, "R13", "T", 2750, 936, 0],
		[53, "R14", "T", 2446, 934, 180],
		[54, "R16", "T", 2174, 934, 0],
		[55, "S1", "T", 6108, 2756, 0],
		[56, "SB1", "T", 4994, 2808, 0],
		[57, "SB2", "T", 5000, 2704, 0],
		[58, "SW1", "T", 6118, 2452, 0],
		[59, "SW2", "T", 6118, 2088, 0],
		[60, "U1", "T", 2046, 1542, 270],
		[61, "U2", "T", 2454, 2538, 0],
		[62, "U3", "T", 1800, 3137, 180],
		[63, "U4", "T", 3988, 1984, 0],
		[64, "U6", "T", 4434, 3000, 0],
		[65, "U7", "T", 5252, 2754, 0],
		[66, "U8", "T", 4990, 3232, 0],
		[67, "PAD1", "T", 5102, 2804, 0],
		[68, "PAD1", "B", 5102, 2804, 0],
		[69, "PAD2", "T", 5101, 2704, 0],
		[70, "PAD2", "B", 5101, 2704, 0]
	]
},
"pins": {
	"fields": ["PIN_NO", "PIN_NAME", "PIN_X", "PIN_Y", "LAYER", "PIN_TYPE", "NET_NAME", "NET_TYPE", "PAD_SHAPE", "PAD_SIZEX", "PAD_SIZEY", "HOLE_SIZE", "PAD_ANGLE"],
	"rows": [
		[1, "BUZZER1_1", 5110.28, 1738.27, "T", "SMD", "AMS1117_3V3", "", "R", 94.49, 94.49, 0, 0],
		[2, "BUZZER1_2", 5393.73, 1738.27, "T", "SMD", "$1N17804", "", "R", 94.49, 94.49, 0, 0],
		[3, "BUZZER1_3", 5393.72, 2021.72, "T", "SMD", "BUZZER1_3", "", "R", 94.49, 94.49, 0, 0],
		[4, "BUZZER1_4", 5110.28, 2021.73, "T", "SMD", "BUZZER1_4", "", "R", 94.49, 94.49, 0, 0],
		[5, "C1_1", 1544, 3184.91, "T", "SMD", "AMS1117_3V3", "", "R", 55.12, 51.02, 0, 270],
		[6, "C1_2", 1544, 3299.09, "T", "SMD", "GND", "GND", "R", 55.12, 51.02, 0, 270],
		[7, "C2_1", 1545, 2993.85, "T", "SMD", "LM2596_5V", "", "R", 47.24, 55.12, 0, 90],
		[8, "C2_2", 1545, 3100.15, "T", "SMD", "GND", "GND", "R", 47.24, 55.12, 0, 90],
		[9, "C3_1", 1949.12, 2458, "T", "SMD", "VIN", "", "R", 137.79, 47.24, 0, 180],
		[10, "C3_2", 1738.88, 2458, "T", "SMD", "GND", "GND", "R", 137.79, 47.24, 0, 180],
		[11, "C4_1", 3765.12, 2470, "T", "SMD", "LM2596_5V", "", "R", 137.79, 47.24, 0, 180],
		[12, "C4_2", 3554.88, 2470, "T", "SMD", "GND", "GND", "R", 137.79, 47.24, 0, 180],
		[13, "C7_1", 3319, 1882.3, "T", "SMD", "AMS1117_3V3", "", "R", 58.47, 68.03, 0, 90],
		[14, "C7_2", 3319, 2007.7, "T", "SMD", "GND", "GND", "R", 58.47, 68.03, 0, 90],
		[15, "C8_1", 5734.44, 3226, "T", "SMD", "$1N11883", "", "R", 31.5, 35.43, 0, 0],
		[16, "C8_2", 5789.56, 3226, "T", "SMD", "GND", "GND", "R", 31.5, 35.43, 0, 0],
		[17, "C9_1", 4976, 1870.7, "T", "SMD", "GND", "GND", "R", 58.47, 68.03, 0, 270],
		[18, "C9_2", 4976, 1745.3, "T", "SMD", "AMS1117_3V3", "", "R", 58.47, 68.03, 0, 270],
		[19, "C11_1", 4300, 3027.56, "T", "SMD", "AMS1117_3V3", "", "R", 31.5, 35.43, 0, 270],
		[20, "C11_2", 4300, 2972.44, "T", "SMD", "GND", "GND", "R", 31.5, 35.43, 0, 270],
		[21, "C12_1", 4568, 3027.56, "T", "SMD", "LM2596_5V", "", "R", 31.5, 35.43, 0, 270],
		[22, "C12_2", 4568, 2972.44, "T", "SMD", "GND", "GND", "R", 31.5, 35.43, 0, 270],
		[23, "C13_1", 5962, 2728.44, "T", "SMD", "GND", "GND", "R", 31.5, 35.43, 0, 90],
		[24, "C13_2", 5962, 2783.56, "T", "SMD", "AMS1117_3V3", "", "R", 31.5, 35.43, 0, 90],
		[25, "C14_1", 1203.56, 2154, "T", "SMD", "GND", "GND", "R", 31.5, 35.43, 0, 180],
		[26, "C14_2", 1148.44, 2154, "T", "SMD", "ESP32_5V", "", "R", 31.5, 35.43, 0, 180],
		[27, "C16_1", 5392, 2781.56, "T", "SMD", "GND", "GND", "R", 31.5, 35.43, 0, 270],
		[28, "C16_2", 5392, 2726.44, "T", "SMD", "AMS1117_3V3", "", "R", 31.5, 35.43, 0, 270],
		[29, "C17_1", 5100, 3259.56, "T", "SMD", "GND", "GND", "R", 31.5, 35.43, 0, 270],
		[30, "C17_2", 5100, 3204.44, "T", "SMD", "AMS1117_3V3", "", "R", 31.5, 35.43, 0, 270],
		[31, "C20_1", 1672, 1446.44, "B", "SMD", "GND", "GND", "R", 31.5, 35.43, 0, 90],
		[32, "C20_2", 1672, 1501.56, "B", "SMD", "AMS1117_3V3", "", "R", 31.5, 35.43, 0, 90],
		[33, "CARD1_1", 1565.72, 1630.58, "B", "SMD", "CARD1_1", "", "R", 23.62, 51.18, 0, 90],
		[34, "CARD1_2", 1565.72, 1587.27, "B", "SMD", "CS", "", "R", 23.62, 51.18, 0, 90],
		[35, "CARD1_3", 1565.72, 1543.96, "B", "SMD", "MOSI", "", "R", 23.62, 51.18, 0, 90],
		[36, "CARD1_4", 1565.72, 1500.66, "B", "SMD", "AMS1117_3V3", "", "R", 23.62, 51.18, 0, 90],
		[37, "CARD1_5", 1565.72, 1457.35, "B", "SMD", "P18", "", "R", 23.62, 51.18, 0, 90],
		[38, "CARD1_6", 1565.72, 1414.04, "B", "SMD", "GND", "GND", "R", 23.62, 51.18, 0, 90],
		[39, "CARD1_7", 1565.72, 1370.73, "B", "SMD", "MISO", "", "R", 23.62, 51.18, 0, 90],
		[40, "CARD1_8", 1565.72, 1327.43, "B", "SMD", "CARD1_8", "", "R", 23.62, 51.18, 0, 90],
		[41, "CARD1_9", 1565.72, 1284.12, "B", "SMD", "CARD1_9", "", "R", 23.62, 51.18, 0, 90],
		[42, "CARD1_10", 1532.24, 1240.81, "B", "SMD", "GND", "GND", "R", 47.24, 55.12, 0, 90],
		[43, "CARD1_11", 1150.28, 1234.49, "B", "SMD", "GND", "GND", "R", 47.24, 78.74, 0, 90],
		[44, "CARD1_12", 1150.28, 1845.51, "B", "SMD", "GND", "GND", "R", 47.24, 78.74, 0, 90],
		[45, "CARD1_13", 1532.24, 1818.77, "B", "SMD", "GND", "GND", "R", 47.24, 55.12, 0, 90],
		[46, "CGQ1_1", 5407.86, 3226, "T", "SMD", "GND", "GND", "R", 35.43, 59.05, 0, 90],
		[47, "CGQ1_2", 5407.86, 3126, "T", "SMD", "GND", "GND", "R", 35.43, 59.05, 0, 90],
		[48, "CGQ1_3", 5640.14, 3126, "T", "SMD", "P36", "", "R", 35.43, 59.05, 0, 90],
		[49, "CGQ1_4", 5639, 3226, "T", "SMD", "$1N11883", "", "R", 35.43, 59.05, 0, 90],
		[50, "CN1_1", 2410, 522, "T", "DIP", "MOSI", "", "R", 70.87, 70.87, 43.31, 180],
		[51, "CN1_1", 2410, 522, "B", "DIP", "MOSI", "", "R", 70.87, 70.87, 43.31, 180],
		[52, "CN1_2", 2310, 522, "T", "DIP", "SCL", "", "C", 70.87, 70.87, 43.31, 180],
		[53, "CN1_2", 2310, 522, "B", "DIP", "SCL", "", "C", 70.87, 70.87, 43.31, 180],
		[54, "CN1_3", 2210, 522, "T", "DIP", "SDA", "", "C", 70.87, 70.87, 43.31, 180],
		[55, "CN1_3", 2210, 522, "B", "DIP", "SDA", "", "C", 70.87, 70.87, 43.31, 180],
		[56, "CN1_4", 2110, 522, "T", "DIP", "MISO", "", "C", 70.87, 70.87, 43.31, 180],
		[57, "CN1_4", 2110, 522, "B", "DIP", "MISO", "", "C", 70.87, 70.87, 43.31, 180],
		[58, "CN1_5", 2010, 522, "T", "DIP", "P18", "", "C", 70.87, 70.87, 43.31, 180],
		[59, "CN1_5", 2010, 522, "B", "DIP", "P18", "", "C", 70.87, 70.87, 43.31, 180],
		[60, "CN1_6", 1910, 522, "T", "DIP", "P17", "", "C", 70.87, 70.87, 43.31, 180],
		[61, "CN1_6", 1910, 522, "B", "DIP", "P17", "", "C", 70.87, 70.87, 43.31, 180],
		[62, "CN1_7", 1810, 522, "T", "DIP", "P16", "", "C", 70.87, 70.87, 43.31, 180],
		[63, "CN1_7", 1810, 522, "B", "DIP", "P16", "", "C", 70.87, 70.87, 43.31, 180],
		[64, "CN1_8", 1710, 522, "T", "DIP", "P14", "", "C", 70.87, 70.87, 43.31, 180],
		[65, "CN1_8", 1710, 522, "B", "DIP", "P14", "", "C", 70.87, 70.87, 43.31, 180],
		[66, "CN1_9", 1610, 522, "T", "DIP", "P13", "", "C", 70.87, 70.87, 43.31, 180],
		[67, "CN1_9", 1610, 522, "B", "DIP", "P13", "", "C", 70.87, 70.87, 43.31, 180],
		[68, "CN1_10", 1510, 522, "T", "DIP", "P4", "", "C", 70.87, 70.87, 43.31, 180],
		[69, "CN1_10", 1510, 522, "B", "DIP", "P4", "", "C", 70.87, 70.87, 43.31, 180],
		[70, "CN2_1", 3532, 522, "T", "DIP", "GND", "GND", "R", 70.87, 70.87, 43.31, 180],
		[71, "CN2_1", 3532, 522, "B", "DIP", "GND", "GND", "R", 70.87, 70.87, 43.31, 180],
		[72, "CN2_2", 3432, 522, "T", "DIP", "P36", "", "C", 70.87, 70.87, 43.31, 180],
		[73, "CN2_2", 3432, 522, "B", "DIP", "P36", "", "C", 70.87, 70.87, 43.31, 180],
		[74, "CN2_3", 3332, 522, "T", "DIP", "P39", "", "C", 70.87, 70.87, 43.31, 180],
		[75, "CN2_3", 3332, 522, "B", "DIP", "P39", "", "C", 70.87, 70.87, 43.31, 180],
		[76, "CN2_4", 3232, 522, "T", "DIP", "P35", "", "C", 70.87, 70.87, 43.31, 180],
		[77, "CN2_4", 3232, 522, "B", "DIP", "P35", "", "C", 70.87, 70.87, 43.31, 180],
		[78, "CN2_5", 3132, 522, "T", "DIP", "P34", "", "C", 70.87, 70.87, 43.31, 180],
		[79, "CN2_5", 3132, 522, "B", "DIP", "P34", "", "C", 70.87, 70.87, 43.31, 180],
		[80, "CN2_6", 3032, 522, "T", "DIP", "P33", "", "C", 70.87, 70.87, 43.31, 180],
		[81, "CN2_6", 3032, 522, "B", "DIP", "P33", "", "C", 70.87, 70.87, 43.31, 180],
		[82, "CN2_7", 2932, 522, "T", "DIP", "P32", "", "C", 70.87, 70.87, 43.31, 180],
		[83, "CN2_7", 2932, 522, "B", "DIP", "P32", "", "C", 70.87, 70.87, 43.31, 180],
		[84, "CN2_8", 2832, 522, "T", "DIP", "P27", "", "C", 70.87, 70.87, 43.31, 180],
		[85, "CN2_8", 2832, 522, "B", "DIP", "P27", "", "C", 70.87, 70.87, 43.31, 180],
		[86, "CN2_9", 2732, 522, "T", "DIP", "P26", "", "C", 70.87, 70.87, 43.31, 180],
		[87, "CN2_9", 2732, 522, "B", "DIP", "P26", "", "C", 70.87, 70.87, 43.31, 180],
		[88, "CN2_10", 2632, 522, "T", "DIP", "P25", "", "C", 70.87, 70.87, 43.31, 180],
		[89, "CN2_10", 2632, 522, "B", "DIP", "P25", "", "C", 70.87, 70.87, 43.31, 180],
		[90, "CN3_1", 4650, 522, "T", "DIP", "P0", "", "R", 70.87, 70.87, 43.31, 180],
		[91, "CN3_1", 4650, 522, "B", "DIP", "P0", "", "R", 70.87, 70.87, 43.31, 180],
		[92, "CN3_2", 4550, 522, "T", "DIP", "TX", "", "C", 70.87, 70.87, 43.31, 180],
		[93, "CN3_2", 4550, 522, "B", "DIP", "TX", "", "C", 70.87, 70.87, 43.31, 180],
		[94, "CN3_3", 4450, 522, "T", "DIP", "P2", "", "C", 70.87, 70.87, 43.31, 180],
		[95, "CN3_3", 4450, 522, "B", "DIP", "P2", "", "C", 70.87, 70.87, 43.31, 180],
		[96, "CN3_4", 4350, 522, "T", "DIP", "RX", "", "C", 70.87, 70.87, 43.31, 180],
		[97, "CN3_4", 4350, 522, "B", "DIP", "RX", "", "C", 70.87, 70.87, 43.31, 180],
		[98, "CN3_5", 4250, 522, "T", "DIP", "CS", "", "C", 70.87, 70.87, 43.31, 180],
		[99, "CN3_5", 4250, 522, "B", "DIP", "CS", "", "C", 70.87, 70.87, 43.31, 180],
		[100, "CN3_6", 4150, 522, "T", "DIP", "P12", "", "C", 70.87, 70.87, 43.31, 180],
		[101, "CN3_6", 4150, 522, "B", "DIP", "P12", "", "C", 70.87, 70.87, 43.31, 180],
		[102, "CN3_7", 4050, 522, "T", "DIP", "P15", "", "C", 70.87, 70.87, 43.31, 180],
		[103, "CN3_7", 4050, 522, "B", "DIP", "P15", "", "C", 70.87, 70.87, 43.31, 180],
		[104, "CN3_8", 3950, 522, "T", "DIP", "GND", "GND", "C", 70.87, 70.87, 43.31, 180],
		[105, "CN3_8", 3950, 522, "B", "DIP", "GND", "GND", "C", 70.87, 70.87, 43.31, 180],
		[106, "CN3_9", 3850, 522, "T", "DIP", "GND", "GND", "C", 70.87, 70.87, 43.31, 180],
		[107, "CN3_9", 3850, 522, "B", "DIP", "GND", "GND", "C", 70.87, 70.87, 43.31, 180],
		[108, "CN3_10", 3750, 522, "T", "DIP", "GND", "GND", "C", 70.87, 70.87, 43.31, 180],
		[109, "CN3_10", 3750, 522, "B", "DIP", "GND", "GND", "C", 70.87, 70.87, 43.31, 180],
		[110, "CN4_1", 5772, 522, "T", "DIP", "ESP32_5V", "", "R", 70.87, 70.87, 43.31, 180],
		[111, "CN4_1", 5772, 522, "B", "DIP", "ESP32_5V", "", "R", 70.87, 70.87, 43.31, 180],
		[112, "CN4_2", 5672, 522, "T", "DIP", "ESP32_5V", "", "C", 70.87, 70.87, 43.31, 180],
		[113, "CN4_2", 5672, 522, "B", "DIP", "ESP32_5V", "", "C", 70.87, 70.87, 43.31, 180],
		[114, "CN4_3", 5572, 522, "T", "DIP", "ESP32_5V", "", "C", 70.87, 70.87, 43.31, 180],
		[115, "CN4_3", 5572, 522, "B", "DIP", "ESP32_5V", "", "C", 70.87, 70.87, 43.31, 180],
		[116, "CN4_4", 5472, 522, "T", "DIP", "ESP32_3V3", "", "C", 70.87, 70.87, 43.31, 180],
		[117, "CN4_4", 5472, 522, "B", "DIP", "ESP32_3V3", "", "C", 70.87, 70.87, 43.31, 180],
		[118, "CN4_5", 5372, 522, "T", "DIP", "ESP32_3V3", "", "C", 70.87, 70.87, 43.31, 180],
		[119, "CN4_5", 5372, 522, "B", "DIP", "ESP32_3V3", "", "C", 70.87, 70.87, 43.31, 180],
		[120, "CN4_6", 5272, 522, "T", "DIP", "ESP32_3V3", "", "C", 70.87, 70.87, 43.31, 180],
		[121, "CN4_6", 5272, 522, "B", "DIP", "ESP32_3V3", "", "C", 70.87, 70.87, 43.31, 180],
		[122, "CN4_7", 5172, 522, "T", "DIP", "GND", "GND", "C", 70.87, 70.87, 43.31, 180],
		[123, "CN4_7", 5172, 522, "B", "DIP", "GND", "GND", "C", 70.87, 70.87, 43.31, 180],
		[124, "CN4_8", 5072, 522, "T", "DIP", "GND", "GND", "C", 70.87, 70.87, 43.31, 180],
		[125, "CN4_8", 5072, 522, "B", "DIP", "GND", "GND", "C", 70.87, 70.87, 43.31, 180],
		[126, "CN4_9", 4972, 522, "T", "DIP", "GND", "GND", "C", 70.87, 70.87, 43.31, 180],
		[127, "CN4_9", 4972, 522, "B", "DIP", "GND", "GND", "C", 70.87, 70.87, 43.31, 180],
		[128, "CN4_10", 4872, 522, "T", "DIP", "GND", "GND", "C", 70.87, 70.87, 43.31, 180],
		[129, "CN4_10", 4872, 522, "B", "DIP", "GND", "GND", "C", 70.87, 70.87, 43.31, 180],
		[130, "CN5_1", 6102, 1754, "T", "DIP", "CLK", "", "R", 70.87, 70.87, 43.31, 270],
		[131, "CN5_1", 6102, 1754, "B", "DIP", "CLK", "", "R", 70.87, 70.87, 43.31, 270],
		[132, "CN5_2", 6102, 1654, "T", "DIP", "SD0", "", "C", 70.87, 70.87, 43.31, 270],
		[133, "CN5_2", 6102, 1654, "B", "DIP", "SD0", "", "C", 70.87, 70.87, 43.31, 270],
		[134, "CN5_3", 6102, 1554, "T", "DIP", "SD1", "", "C", 70.87, 70.87, 43.31, 270],
		[135, "CN5_3", 6102, 1554, "B", "DIP", "SD1", "", "C", 70.87, 70.87, 43.31, 270],
		[136, "CN5_4", 6102, 1454, "T", "DIP", "SD2", "", "C", 70.87, 70.87, 43.31, 270],
		[137, "CN5_4", 6102, 1454, "B", "DIP", "SD2", "", "C", 70.87, 70.87, 43.31, 270],
		[138, "CN5_5", 6102, 1354, "T", "DIP", "SD3", "", "C", 70.87, 70.87, 43.31, 270],
		[139, "CN5_5", 6102, 1354, "B", "DIP", "SD3", "", "C", 70.87, 70.87, 43.31, 270],
		[140, "CN5_6", 6102, 1254, "T", "DIP", "CMD", "", "C", 70.87, 70.87, 43.31, 270],
		[141, "CN5_6", 6102, 1254, "B", "DIP", "CMD", "", "C", 70.87, 70.87, 43.31, 270],
		[142, "CN5_7", 6102, 1154, "T", "DIP", "GND", "GND", "C", 70.87, 70.87, 43.31, 270],
		[143, "CN5_7", 6102, 1154, "B", "DIP", "GND", "GND", "C", 70.87, 70.87, 43.31, 270],
		[144, "CN5_8", 6102, 1054, "T", "DIP", "GND", "GND", "C", 70.87, 70.87, 43.31, 270],
		[145, "CN5_8", 6102, 1054, "B", "DIP", "GND", "GND", "C", 70.87, 70.87, 43.31, 270],
		[146, "CN5_9", 6102, 954, "T", "DIP", "GND", "GND", "C", 70.87, 70.87, 43.31, 270],
		[147, "CN5_9", 6102, 954, "B", "DIP", "GND", "GND", "C", 70.87, 70.87, 43.31, 270],
		[148, "CN5_10", 6102, 854, "T", "DIP", "GND", "GND", "C", 70.87, 70.87, 43.31, 270],
		[149, "CN5_10", 6102, 854, "B", "DIP", "GND", "GND", "C", 70.87, 70.87, 43.31, 270],
		[150, "CN6_1", 2187.07, 3215.47, "T", "DIP", "GND", "GND", "R", 70.87, 70.87, 43.31, 0],
		[151, "CN6_1", 2187.07, 3215.47, "B", "DIP", "GND", "GND", "R", 70.87, 70.87, 43.31, 0],
		[152, "CN6_2", 2287.07, 3215.47, "T", "DIP", "GND", "GND", "C", 70.87, 70.87, 43.31, 0],
		[153, "CN6_2", 2287.07, 3215.47, "B", "DIP", "GND", "GND", "C", 70.87, 70.87, 43.31, 0],
		[154, "CN6_3", 2387.07, 3215.47, "T", "DIP", "GND", "GND", "C", 70.87, 70.87, 43.31, 0],
		[155, "CN6_3", 2387.07, 3215.47, "B", "DIP", "GND", "GND", "C", 70.87, 70.87, 43.31, 0],
		[156, "CN6_4", 2487.07, 3215.47, "T", "DIP", "GND", "GND", "C", 70.87, 70.87, 43.31, 0],
		[157, "CN6_4", 2487.07, 3215.47, "B", "DIP", "GND", "GND", "C", 70.87, 70.87, 43.31, 0],
		[158, "CN6_5", 2587.07, 3215.47, "T", "DIP", "AMS1117_3V3", "", "C", 70.87, 70.87, 43.31, 0],
		[159, "CN6_5", 2587.07, 3215.47, "B", "DIP", "AMS1117_3V3", "", "C", 70.87, 70.87, 43.31, 0],
		[160, "CN6_6", 2687.07, 3215.47, "T", "DIP", "AMS1117_3V3", "", "C", 70.87, 70.87, 43.31, 0],
		[161, "CN6_6", 2687.07, 3215.47, "B", "DIP", "AMS1117_3V3", "", "C", 70.87, 70.87, 43.31, 0],
		[162, "CN6_7", 2787.07, 3215.47, "T", "DIP", "AMS1117_3V3", "", "C", 70.87, 70.87, 43.31, 0],
		[163, "CN6_7", 2787.07, 3215.47, "B", "DIP", "AMS1117_3V3", "", "C", 70.87, 70.87, 43.31, 0],
		[164, "CN6_8", 2887.07, 3215.47, "T", "DIP", "LM2596_5V", "", "C", 70.87, 70.87, 43.31, 0],
		[165, "CN6_8", 2887.07, 3215.47, "B", "DIP", "LM2596_5V", "", "C", 70.87, 70.87, 43.31, 0],
		[166, "CN6_9", 2987.07, 3215.47, "T", "DIP", "LM2596_5V", "", "C", 70.87, 70.87, 43.31, 0],
		[167, "CN6_9", 2987.07, 3215.47, "B", "DIP", "LM2596_5V", "", "C", 70.87, 70.87, 43.31, 0],
		[168, "CN6_10", 3087.07, 3215.47, "T", "DIP", "LM2596_5V", "", "C", 70.87, 70.87, 43.31, 0],
		[169, "CN6_10", 3087.07, 3215.47, "B", "DIP", "LM2596_5V", "", "C", 70.87, 70.87, 43.31, 0],
		[170, "CN7_1", 3310, 3216, "T", "DIP", "ESP32_5V", "", "R", 70.87, 70.87, 43.31, 0],
		[171, "CN7_1", 3310, 3216, "B", "DIP", "ESP32_5V", "", "R", 70.87, 70.87, 43.31, 0],
		[172, "CN7_2", 3410, 3216, "T", "DIP", "GND", "GND", "C", 70.87, 70.87, 43.31, 0],
		[173, "CN7_2", 3410, 3216, "B", "DIP", "GND", "GND", "C", 70.87, 70.87, 43.31, 0],
		[174, "CN7_3", 3510, 3216, "T", "DIP", "EN", "", "C", 70.87, 70.87, 43.31, 0],
		[175, "CN7_3", 3510, 3216, "B", "DIP", "EN", "", "C", 70.87, 70.87, 43.31, 0],
		[176, "CN8_1", 3734, 3216, "T", "DIP", "GND", "GND", "R", 70.87, 70.87, 43.31, 0],
		[177, "CN8_1", 3734, 3216, "B", "DIP", "GND", "GND", "R", 70.87, 70.87, 43.31, 0],
		[178, "CN8_2", 3834, 3216, "T", "DIP", "SDA", "", "C", 70.87, 70.87, 43.31, 0],
		[179, "CN8_2", 3834, 3216, "B", "DIP", "SDA", "", "C", 70.87, 70.87, 43.31, 0],
		[180, "CN8_3", 3934, 3216, "T", "DIP", "SCL", "", "C", 70.87, 70.87, 43.31, 0],
		[181, "CN8_3", 3934, 3216, "B", "DIP", "SCL", "", "C", 70.87, 70.87, 43.31, 0],
		[182, "CN8_4", 4034, 3216, "T", "DIP", "ESP32_3V3", "", "C", 70.87, 70.87, 43.31, 0],
		[183, "CN8_4", 4034, 3216, "B", "DIP", "ESP32_3V3", "", "C", 70.87, 70.87, 43.31, 0],
		[184, "D1_1", 1719.36, 2707.63, "T", "SMD", "$1N608", "", "R", 80.57, 63.78, 0, 0],
		[185, "D1_2", 1908.64, 2708.37, "T", "SMD", "GND", "GND", "R", 80.57, 63.78, 0, 180],
		[186, "D2_1", 5488.82, 1840, "T", "SMD", "AMS1117_3V3", "", "R", 35.43, 27.56, 0, 0],
		[187, "D2_2", 5591.18, 1840, "T", "SMD", "$1N17804", "", "R", 35.43, 27.56, 0, 0],
		[188, "D3_1", 1242.93, 896, "T", "SMD", "ESP32_5V", "", "R", 47.24, 37.4, 0, 180],
		[189, "D3_2", 1109.07, 896, "T", "SMD", "LM2596_5V", "", "R", 47.24, 37.4, 0, 180],
		[190, "D4_1", 1242.93, 796, "T", "SMD", "ESP32_5V", "", "R", 47.24, 37.4, 0, 180],
		[191, "D4_2", 1109.07, 796, "T", "SMD", "ESP32_5V", "", "R", 47.24, 37.4, 0, 180],
		[192, "D8_1", 2908, 2483, "B", "SMD", "LM2596_5V", "", "R", 80.61, 88.23, 0, 90],
		[193, "D8_2", 2908, 2673, "B", "SMD", "GND", "GND", "R", 80.61, 88.23, 0, 90],
		[194, "D9_1", 3122, 2483, "B", "SMD", "LM2596_5V", "", "R", 80.61, 88.23, 0, 90],
		[195, "D9_2", 3122, 2673, "B", "SMD", "GND", "GND", "R", 80.61, 88.23, 0, 90],
		[196, "D10_1", 3340, 2483, "B", "SMD", "LM2596_5V", "", "R", 80.61, 88.23, 0, 90],
		[197, "D10_2", 3340, 2673, "B", "SMD", "GND", "GND", "R", 80.61, 88.23, 0, 90],
		[198, "D11_1", 1844, 3131.68, "B", "SMD", "AMS1117_3V3", "", "R", 70.87, 66.93, 0, 90],
		[199, "D11_2", 1844, 3304.32, "B", "SMD", "GND", "GND", "R", 70.87, 66.93, 0, 90],
		[200, "D12_1", 1694, 3127.68, "B", "SMD", "AMS1117_3V3", "", "R", 70.87, 66.93, 0, 90],
		[201, "D12_2", 1694, 3300.32, "B", "SMD", "GND", "GND", "R", 70.87, 66.93, 0, 90],
		[202, "D13_1", 1544, 3127.68, "B", "SMD", "AMS1117_3V3", "", "R", 70.87, 66.93, 0, 90],
		[203, "D13_2", 1544, 3300.32, "B", "SMD", "GND", "GND", "R", 70.87, 66.93, 0, 90],
		[204, "L1_1", 3330.57, 2584, "T", "SMD", "LM2596_5V", "", "R", 114.17, 212.6, 0, 180],
		[205, "L1_2", 2901.43, 2584, "T", "SMD", "$1N608", "", "R", 114.17, 212.6, 0, 180],
		[206, "LED1_1", 1050.53, 2849.87, "T", "SMD", "GND", "GND", "R", 31.5, 31.5, 0, 90],
		[207, "LED1_2", 1113.47, 2850.14, "T", "SMD", "$1N183", "", "R", 31.5, 31.5, 0, 90],
		[208, "LED2_1", 4422.06, 3199.47, "T", "SMD", "GND", "GND", "R", 47.24, 35.43, 0, 180],
		[209, "LED2_2", 4422.06, 3258.53, "T", "SMD", "$1N19867", "", "R", 47.24, 35.43, 0, 180],
		[210, "LED2_3", 4303.94, 3258.53, "T", "SMD", "LM2596_5V", "", "R", 47.24, 35.43, 0, 180],
		[211, "LED2_4", 4303.94, 3199.47, "T", "SMD", "LED2_4", "", "R", 47.24, 35.43, 0, 180],
		[212, "LED3_1", 4195.7, 2625.19, "T", "SMD", "P2", "", "R", 58.47, 63.78, 0, 180],
		[213, "LED3_2", 4313.22, 2625.19, "T", "SMD", "$1N93140", "", "R", 58.47, 63.78, 0, 180],
		[214, "LED4_1", 4319.2, 2367.19, "T", "SMD", "$1N12921", "", "R", 64.37, 62.99, 0, 180],
		[215, "LED4_2", 4199.72, 2367.19, "T", "SMD", "P15", "", "R", 64.37, 62.99, 0, 180],
		[216, "P1_1", 1515, 2503, "T", "DIP", "VIN", "", "O", 90.55, 66.93, 62.99, 90],
		[217, "P1_1", 1515, 2503, "B", "DIP", "VIN", "", "O", 90.55, 66.93, 62.99, 90],
		[218, "P1_2", 1286.65, 2503, "T", "DIP", "GND", "GND", "O", 90.55, 66.93, 62.99, 90],
		[219, "P1_2", 1286.65, 2503, "B", "DIP", "GND", "GND", "O", 90.55, 66.93, 62.99, 90],
		[220, "P1_3", 1396.89, 2314.02, "T", "DIP", "GND", "GND", "O", 90.55, 66.93, 62.99, 0],
		[221, "P1_3", 1396.89, 2314.02, "B", "DIP", "GND", "GND", "O", 90.55, 66.93, 62.99, 0],
		[222, "Q1_1", 5502.6, 1974.63, "T", "SMD", "$1N82894", "", "R", 49.21, 27.56, 0, 270],
		[223, "Q1_2", 5577.4, 1974.63, "T", "SMD", "GND", "GND", "R", 49.21, 27.56, 0, 270],
		[224, "Q1_3", 5540, 2053.37, "T", "SMD", "$1N17804", "", "R", 49.21, 27.56, 0, 270],
		[225, "R1_1", 1332.34, 2848, "T", "SMD", "LM2596_5V", "", "R", 31.75, 34.02, 0, 0],
		[226, "R1_2", 1391.66, 2848, "T", "SMD", "$1N183", "", "R", 31.75, 34.02, 0, 0],
		[227, "R2_1", 5191.28, 2374, "T", "SMD", "P35", "", "R", 78.74, 102.05, 0, 0],
		[228, "R2_2", 5312.72, 2374, "T", "SMD", "AMS1117_3V3", "", "R", 78.74, 102.05, 0, 0],
		[229, "R3_1", 5153.58, 940.2, "T", "DIP", "AMS1117_3V3", "", "C", 66.93, 66.93, 39.37, 0],
		[230, "R3_1", 5153.58, 940.2, "B", "DIP", "AMS1117_3V3", "", "C", 66.93, 66.93, 39.37, 0],
		[231, "R3_2", 5252, 940.2, "T", "DIP", "P34", "", "C", 66.93, 66.93, 39.37, 0],
		[232, "R3_2", 5252, 940.2, "B", "DIP", "P34", "", "C", 66.93, 66.93, 39.37, 0],
		[233, "R3_3", 5350.43, 940.2, "T", "DIP", "GND", "GND", "C", 66.93, 66.93, 39.37, 0],
		[234, "R3_3", 5350.43, 940.2, "B", "DIP", "GND", "GND", "C", 66.93, 66.93, 39.37, 0],
		[235, "R3_4", 5078.77, 1215.8, "T", "DIP", "R3_4", "", "O", 108.27, 118.11, 82.68, 0],
		[236, "R3_4", 5078.77, 1215.8, "B", "DIP", "R3_4", "", "O", 108.27, 118.11, 82.68, 0],
		[237, "R3_5", 5425.23, 1215.8, "T", "DIP", "R3_5", "", "O", 108.27, 118.11, 82.68, 0],
		[238, "R3_5", 5425.23, 1215.8, "B", "DIP", "R3_5", "", "O", 108.27, 118.11, 82.68, 0],
		[239, "R4_1", 5791.66, 3102, "T", "SMD", "AMS1117_3V3", "", "R", 31.75, 34.02, 0, 180],
		[240, "R4_2", 5732.34, 3102, "T", "SMD", "$1N11883", "", "R", 31.75, 34.02, 0, 180],
		[241, "R8_1", 5422, 2403.66, "T", "SMD", "GND", "GND", "R", 31.75, 34.02, 0, 270],
		[242, "R8_2", 5422, 2344.34, "T", "SMD", "P35", "", "R", 31.75, 34.02, 0, 270],
		[243, "R9_1", 4505.66, 2626, "T", "SMD", "GND", "GND", "R", 31.75, 34.02, 0, 180],
		[244, "R9_2", 4446.34, 2626, "T", "SMD", "$1N93140", "", "R", 31.75, 34.02, 0, 180],
		[245, "R10_1", 4505.09, 2364.34, "T", "SMD", "GND", "GND", "R", 31.75, 34.02, 0, 180],
		[246, "R10_2", 4445.77, 2364.34, "T", "SMD", "$1N12921", "", "R", 31.75, 34.02, 0, 180],
		[247, "R11_1", 4938.34, 2018, "T", "SMD", "P27", "", "R", 31.75, 34.02, 0, 0],
		[248, "R11_2", 4997.66, 2018, "T", "SMD", "$1N82894", "", "R", 31.75, 34.02, 0, 0],
		[249, "R12_1", 4514, 3198.34, "T", "SMD", "B", "", "R", 31.75, 34.02, 0, 90],
		[250, "R12_2", 4514, 3257.66, "T", "SMD", "$1N19867", "", "R", 31.75, 34.02, 0, 90],
		[251, "R13_1", 2720.34, 936, "T", "SMD", "AMS1117_3V3", "", "R", 31.75, 34.02, 0, 0],
		[252, "R13_2", 2779.66, 936, "T", "SMD", "SCL", "", "R", 31.75, 34.02, 0, 0],
		[253, "R14_1", 2475.66, 934, "T", "SMD", "AMS1117_3V3", "", "R", 31.75, 34.02, 0, 180],
		[254, "R14_2", 2416.34, 934, "T", "SMD", "SDA", "", "R", 31.75, 34.02, 0, 180],
		[255, "R16_1", 2144.34, 934, "T", "SMD", "CS", "", "R", 31.75, 34.02, 0, 0],
		[256, "R16_2", 2203.66, 934, "T", "SMD", "AMS1117_3V3", "", "R", 31.75, 34.02, 0, 0],
		[257, "S1_1", 6047.07, 2795.37, "T", "SMD", "SDA", "", "O", 37.4, 22.05, 0, 0],
		[258, "S1_2", 6047.07, 2756, "T", "SMD", "GND", "GND", "O", 37.4, 22.05, 0, 0],
		[259, "S1_3", 6047.07, 2716.63, "T", "SMD", "S1_3", "", "O", 37.4, 22.05, 0, 0],
		[260, "S1_4", 6168.92, 2716.63, "T", "SMD", "S1_4", "", "O", 37.4, 22.05, 0, 0],
		[261, "S1_5", 6168.92, 2756, "T", "SMD", "AMS1117_3V3", "", "O", 37.4, 22.05, 0, 0],
		[262, "S1_6", 6168.92, 2795.37, "T", "SMD", "SCL", "", "O", 37.4, 22.05, 0, 0],
		[263, "S1_7", 6107.99, 2756, "T", "SMD", "S1_7", "", "R", 59.05, 94.49, 0, 0],
		[264, "SB1_1", 4957, 2808, "T", "SMD", "GND", "GND", "P", 45.5, 36, 0, 0],
		[265, "SB1_2", 5017, 2808, "T", "SMD", "$1N88036", "", "P", 43.5, 36, 0, 0],
		[266, "SB2_1", 4963, 2704, "T", "SMD", "GND", "GND", "P", 45.5, 36, 0, 0],
		[267, "SB2_2", 5023, 2704, "T", "SMD", "$1N88045", "", "P", 43.5, 36, 0, 0],
		[268, "SW1_1", 5960.52, 2452, "T", "SMD", "P32", "", "R", 74.8, 59.05, 0, 0],
		[269, "SW1_2", 6275.48, 2452, "T", "SMD", "GND", "GND", "R", 74.8, 59.05, 0, 0],
		[270, "SW2_1", 5960.52, 2088, "T", "SMD", "P33", "", "R", 74.8, 59.05, 0, 0],
		[271, "SW2_2", 6275.48, 2088, "T", "SMD", "GND", "GND", "R", 74.8, 59.05, 0, 0],
		[272, "U1_1", 2946, 1992, "T", "DIP", "ESP32_3V3", "", "C", 60, 60, 36, 0],
		[273, "U1_1", 2946, 1992, "B", "DIP", "ESP32_3V3", "", "C", 60, 60, 36, 0],
		[274, "U1_2", 2846, 1992, "T", "DIP", "EN", "", "C", 60, 60, 36, 0],
		[275, "U1_2", 2846, 1992, "B", "DIP", "EN", "", "C", 60, 60, 36, 0],
		[276, "U1_3", 2746, 1992, "T", "DIP", "P36", "", "C", 60, 60, 36, 0],
		[277, "U1_3", 2746, 1992, "B", "DIP", "P36", "", "C", 60, 60, 36, 0],
		[278, "U1_4", 2646, 1992, "T", "DIP", "P39", "", "C", 60, 60, 36, 0],
		[279, "U1_4", 2646, 1992, "B", "DIP", "P39", "", "C", 60, 60, 36, 0],
		[280, "U1_5", 2546, 1992, "T", "DIP", "P34", "", "C", 60, 60, 36, 0],
		[281, "U1_5", 2546, 1992, "B", "DIP", "P34", "", "C", 60, 60, 36, 0],
		[282, "U1_6", 2446, 1992, "T", "DIP", "P35", "", "C", 60, 60, 36, 0],
		[283, "U1_6", 2446, 1992, "B", "DIP", "P35", "", "C", 60, 60, 36, 0],
		[284, "U1_7", 2346, 1992, "T", "DIP", "P32", "", "C", 60, 60, 36, 0],
		[285, "U1_7", 2346, 1992, "B", "DIP", "P32", "", "C", 60, 60, 36, 0],
		[286, "U1_8", 2246, 1992, "T", "DIP", "P33", "", "C", 60, 60, 36, 0],
		[287, "U1_8", 2246, 1992, "B", "DIP", "P33", "", "C", 60, 60, 36, 0],
		[288, "U1_9", 2146, 1992, "T", "DIP", "P25", "", "C", 60, 60, 36, 0],
		[289, "U1_9", 2146, 1992, "B", "DIP", "P25", "", "C", 60, 60, 36, 0],
		[290, "U1_10", 2046, 1992, "T", "DIP", "P26", "", "C", 60, 60, 36, 0],
		[291, "U1_10", 2046, 1992, "B", "DIP", "P26", "", "C", 60, 60, 36, 0],
		[292, "U1_11", 1946, 1992, "T", "DIP", "P27", "", "C", 60, 60, 36, 0],
		[293, "U1_11", 1946, 1992, "B", "DIP", "P27", "", "C", 60, 60, 36, 0],
		[294, "U1_12", 1846, 1992, "T", "DIP", "P14", "", "C", 60, 60, 36, 0],
		[295, "U1_12", 1846, 1992, "B", "DIP", "P14", "", "C", 60, 60, 36, 0],
		[296, "U1_13", 1746, 1992, "T", "DIP", "P12", "", "C", 60, 60, 36, 0],
		[297, "U1_13", 1746, 1992, "B", "DIP", "P12", "", "C", 60, 60, 36, 0],
		[298, "U1_14", 1646, 1992, "T", "DIP", "GND", "GND", "C", 60, 60, 36, 0],
		[299, "U1_14", 1646, 1992, "B", "DIP", "GND", "GND", "C", 60, 60, 36, 0],
		[300, "U1_15", 1546, 1992, "T", "DIP", "P13", "", "C", 60, 60, 36, 0],
		[301, "U1_15", 1546, 1992, "B", "DIP", "P13", "", "C", 60, 60, 36, 0],
		[302, "U1_16", 1446, 1992, "T", "DIP", "SD2", "", "C", 60, 60, 36, 0],
		[303, "U1_16", 1446, 1992, "B", "DIP", "SD2", "", "C", 60, 60, 36, 0],
		[304, "U1_17", 1346, 1992, "T", "DIP", "SD3", "", "C", 60, 60, 36, 0],
		[305, "U1_17", 1346, 1992, "B", "DIP", "SD3", "", "C", 60, 60, 36, 0],
		[306, "U1_18", 1246, 1992, "T", "DIP", "CMD", "", "C", 60, 60, 36, 0],
		[307, "U1_18", 1246, 1992, "B", "DIP", "CMD", "", "C", 60, 60, 36, 0],
		[308, "U1_19", 1146, 1992, "T", "DIP", "ESP32_5V", "", "C", 60, 60, 36, 0],
		[309, "U1_19", 1146, 1992, "B", "DIP", "ESP32_5V", "", "C", 60, 60, 36, 0],
		[310, "U1_20", 1146, 1092, "T", "DIP", "CLK", "", "C", 60, 60, 36, 0],
		[311, "U1_20", 1146, 1092, "B", "DIP", "CLK", "", "C", 60, 60, 36, 0],
		[312, "U1_21", 1246, 1092, "T", "DIP", "SD0", "", "C", 60, 60, 36, 0],
		[313, "U1_21", 1246, 1092, "B", "DIP", "SD0", "", "C", 60, 60, 36, 0],
		[314, "U1_22", 1346, 1092, "T", "DIP", "SD1", "", "C", 60, 60, 36, 0],
		[315, "U1_22", 1346, 1092, "B", "DIP", "SD1", "", "C", 60, 60, 36, 0],
		[316, "U1_23", 1446, 1092, "T", "DIP", "P15", "", "C", 60, 60, 36, 0],
		[317, "U1_23", 1446, 1092, "B", "DIP", "P15", "", "C", 60, 60, 36, 0],
		[318, "U1_24", 1546, 1092, "T", "DIP", "P2", "", "C", 60, 60, 36, 0],
		[319, "U1_24", 1546, 1092, "B", "DIP", "P2", "", "C", 60, 60, 36, 0],
		[320, "U1_25", 1646, 1092, "T", "DIP", "P0", "", "C", 60, 60, 36, 0],
		[321, "U1_25", 1646, 1092, "B", "DIP", "P0", "", "C", 60, 60, 36, 0],
		[322, "U1_26", 1746, 1092, "T", "DIP", "P4", "", "C", 60, 60, 36, 0],
		[323, "U1_26", 1746, 1092, "B", "DIP", "P4", "", "C", 60, 60, 36, 0],
		[324, "U1_27", 1846, 1092, "T", "DIP", "P16", "", "C", 60, 60, 36, 0],
		[325, "U1_27", 1846, 1092, "B", "DIP", "P16", "", "C", 60, 60, 36, 0],
		[326, "U1_28", 1946, 1092, "T", "DIP", "P17", "", "C", 60, 60, 36, 0],
		[327, "U1_28", 1946, 1092, "B", "DIP", "P17", "", "C", 60, 60, 36, 0],
		[328, "U1_29", 2046, 1092, "T", "DIP", "CS", "", "C", 60, 60, 36, 0],
		[329, "U1_29", 2046, 1092, "B", "DIP", "CS", "", "C", 60, 60, 36, 0],
		[330, "U1_30", 2146, 1092, "T", "DIP", "P18", "", "C", 60, 60, 36, 0],
		[331, "U1_30", 2146, 1092, "B", "DIP", "P18", "", "C", 60, 60, 36, 0],
		[332, "U1_31", 2246, 1092, "T", "DIP", "MISO", "", "C", 60, 60, 36, 0],
		[333, "U1_31", 2246, 1092, "B", "DIP", "MISO", "", "C", 60, 60, 36, 0],
		[334, "U1_32", 2346, 1092, "T", "DIP", "GND", "GND", "C", 60, 60, 36, 0],
		[335, "U1_32", 2346, 1092, "B", "DIP", "GND", "GND", "C", 60, 60, 36, 0],
		[336, "U1_33", 2446, 1092, "T", "DIP", "SDA", "", "C", 60, 60, 36, 0],
		[337, "U1_33", 2446, 1092, "B", "DIP", "SDA", "", "C", 60, 60, 36, 0],
		[338, "U1_34", 2546, 1092, "T", "DIP", "RX", "", "C", 60, 60, 36, 0],
		[339, "U1_34", 2546, 1092, "B", "DIP", "RX", "", "C", 60, 60, 36, 0],
		[340, "U1_35", 2646, 1092, "T", "DIP", "TX", "", "C", 60, 60, 36, 0],
		[341, "U1_35", 2646, 1092, "B", "DIP", "TX", "", "C", 60, 60, 36, 0],
		[342, "U1_36", 2746, 1092, "T", "DIP", "SCL", "", "C", 60, 60, 36, 0],
		[343, "U1_36", 2746, 1092, "B", "DIP", "SCL", "", "C", 60, 60, 36, 0],
		[344, "U1_37", 2846, 1092, "T", "DIP", "MOSI", "", "C", 60, 60, 36, 0],
		[345, "U1_37", 2846, 1092, "B", "DIP", "MOSI", "", "C", 60, 60, 36, 0],
		[346, "U1_38", 2946, 1092, "T", "DIP", "GND", "GND", "C", 60, 60, 36, 0],
		[347, "U1_38", 2946, 1092, "B", "DIP", "GND", "GND", "C", 60, 60, 36, 0],
		[348, "U2_1", 2657.15, 2404.14, "T", "SMD", "VIN", "", "R", 121.37, 40.16, 0, 0],
		[349, "U2_2", 2657.15, 2471.07, "T", "SMD", "$1N608", "", "R", 121.37, 40.16, 0, 0],
		[350, "U2_3", 2657.15, 2538, "T", "SMD", "GND", "GND", "R", 121.37, 40.16, 0, 0],
		[351, "U2_4", 2657.15, 2604.93, "T", "SMD", "LM2596_5V", "", "R", 121.37, 40.16, 0, 0],
		[352, "U2_5", 2657.15, 2671.86, "T", "SMD", "GND", "GND", "R", 121.37, 40.16, 0, 0],
		[353, "U2_6", 2250.86, 2538, "T", "SMD", "GND", "GND", "R", 334.64, 433.07, 0, 0],
		[354, "U3_1", 1688.39, 3227.55, "T", "SMD", "GND", "GND", "R", 97.24, 38.58, 0, 180],
		[355, "U3_2", 1688.39, 3137, "T", "SMD", "AMS1117_3V3", "", "R", 97.24, 38.58, 0, 180],
		[356, "U3_3", 1688.39, 3046.45, "T", "SMD", "LM2596_5V", "", "R", 97.24, 38.58, 0, 180],
		[357, "U3_4", 1911.61, 3137, "T", "SMD", "TAB", "", "R", 97.24, 141.73, 0, 180],
		[358, "U4_1", 3838, 1984, "T", "DIP", "GND", "GND", "R", 68, 68, 42, 0],
		[359, "U4_1", 3838, 1984, "B", "DIP", "GND", "GND", "R", 68, 68, 42, 0],
		[360, "U4_2", 3938, 1984, "T", "DIP", "AMS1117_3V3", "", "C", 68, 68, 42, 0],
		[361, "U4_2", 3938, 1984, "B", "DIP", "AMS1117_3V3", "", "C", 68, 68, 42, 0],
		[362, "U4_3", 4038, 1984, "T", "DIP", "SCL", "", "C", 68, 68, 42, 0],
		[363, "U4_3", 4038, 1984, "B", "DIP", "SCL", "", "C", 68, 68, 42, 0],
		[364, "U4_4", 4138, 1984, "T", "DIP", "SDA", "", "C", 68, 68, 42, 0],
		[365, "U4_4", 4138, 1984, "B", "DIP", "SDA", "", "C", 68, 68, 42, 0],
		[366, "U6_1", 4388.76, 3037.4, "T", "SMD", "AMS1117_3V3", "", "R", 20.95, 42.2, 0, 270],
		[367, "U6_2", 4388.76, 3000, "T", "SMD", "GND", "GND", "R", 20.95, 42.2, 0, 270],
		[368, "U6_3", 4388.76, 2962.6, "T", "SMD", "P4", "", "R", 20.95, 42.2, 0, 270],
		[369, "U6_4", 4479.24, 2962.6, "T", "SMD", "B", "", "R", 20.95, 42.2, 0, 270],
		[370, "U6_5", 4479.24, 3000, "T", "SMD", "AMS1117_3V3", "", "R", 20.95, 42.2, 0, 270],
		[371, "U6_6", 4479.24, 3037.4, "T", "SMD", "LM2596_5V", "", "R", 20.95, 42.2, 0, 270],
		[372, "U7_1", 5202.32, 2783.53, "T", "SMD", "GND", "GND", "R", 26.57, 11.02, 0, 0],
		[373, "U7_2", 5202.32, 2763.84, "T", "SMD", "$1N88036", "", "R", 26.57, 11.02, 0, 0],
		[374, "U7_3", 5202.32, 2744.16, "T", "SMD", "$1N88045", "", "R", 26.57, 11.02, 0, 0],
		[375, "U7_4", 5202.32, 2724.47, "T", "SMD", "P13", "", "R", 26.57, 11.02, 0, 0],
		[376, "U7_5", 5232.32, 2714.14, "T", "SMD", "AMS1117_3V3", "", "R", 11.02, 26.57, 0, 0],
		[377, "U7_6", 5252, 2714.14, "T", "SMD", "GND", "GND", "R", 11.02, 26.57, 0, 0],
		[378, "U7_7", 5271.68, 2714.14, "T", "SMD", "GND", "GND", "R", 11.02, 26.57, 0, 0],
		[379, "U7_8", 5301.68, 2724.47, "T", "SMD", "AMS1117_3V3", "", "R", 26.57, 11.02, 0, 0],
		[380, "U7_9", 5301.68, 2744.16, "T", "SMD", "P25", "", "R", 26.57, 11.02, 0, 0],
		[381, "U7_10", 5301.68, 2763.84, "T", "SMD", "U7_10", "", "R", 26.57, 11.02, 0, 0],
		[382, "U7_11", 5301.68, 2783.53, "T", "SMD", "U7_11", "", "R", 26.57, 11.02, 0, 0],
		[383, "U7_12", 5271.68, 2793.86, "T", "SMD", "AMS1117_3V3", "", "R", 11.02, 26.57, 0, 0],
		[384, "U7_13", 5252, 2793.86, "T", "SMD", "SCL", "", "R", 11.02, 26.57, 0, 0],
		[385, "U7_14", 5232.32, 2793.86, "T", "SMD", "SDA", "", "R", 11.02, 26.57, 0, 0],
		[386, "U8_1", 4957.23, 3242.03, "T", "SMD", "AMS1117_3V3", "", "R", 18.31, 11.02, 0, 0],
		[387, "U8_2", 4957.23, 3222.36, "T", "SMD", "SCL", "", "R", 18.31, 11.02, 0, 0],
		[388, "U8_3", 4970.32, 3199.43, "T", "SMD", "GND", "GND", "R", 11.02, 18.31, 0, 0],
		[389, "U8_4", 4990, 3199.43, "T", "SMD", "SDA", "", "R", 11.02, 18.31, 0, 0],
		[390, "U8_5", 5009.69, 3199.43, "T", "SMD", "GND", "GND", "R", 11.02, 18.31, 0, 0],
		[391, "U8_6", 5022.77, 3222.36, "T", "SMD", "AMS1117_3V3", "", "R", 18.31, 11.02, 0, 0],
		[392, "U8_7", 5022.77, 3242.03, "T", "SMD", "P39", "", "R", 18.31, 11.02, 0, 0],
		[393, "U8_8", 5009.69, 3264.57, "T", "SMD", "GND", "GND", "R", 11.02, 18.31, 0, 0],
		[394, "U8_9", 4990, 3264.57, "T", "SMD", "GND", "GND", "R", 11.02, 18.31, 0, 0],
		[395, "U8_10", 4970.32, 3264.57, "T", "SMD", "AMS1117_3V3", "", "R", 11.02, 18.31, 0, 0],
		[396, "PAD1_1", 5102, 2804, "T", "DIP", "$1N88036", "", "C", 60, 60, 35.83, 180],
		[397, "PAD1_1", 5102, 2804, "B", "DIP", "$1N88036", "", "C", 60, 60, 35.83, 180],
		[398, "PAD2_1", 5101, 2704, "T", "DIP", "$1N88045", "", "C", 60, 60, 35.83, 180],
		[399, "PAD2_1", 5101, 2704, "B", "DIP", "$1N88045", "", "C", 60, 60, 35.83, 180]
	]
}
}